{"loss_batch": 0.1239146888256073, "_timestamp": 1652923794, "_runtime": 54, "_step": 10, "loss": 0.9188135355710983, "_wandb": {"runtime": 52}}