{"loss_batch": 0.1239146888256073, "_timestamp": 1652923685, "_runtime": 55, "_step": 10, "loss": 0.9188135355710983, "_wandb": {"runtime": 55}}