{"loss_batch": 0.09827711433172226, "_timestamp": 1652923415, "_runtime": 483, "_step": 10, "loss": 0.8882134148478508, "_wandb": {"runtime": 483}}